,,,,,,,21-Nov,,,,21-Dec,,,,22-Jan,,,,22-Feb,,,,22-Mar,,,,22-Apr,,,,22-May,,,,22-Jun,,,,22-Jul,,,,22-Aug,,,,22-Sep,,,,22-Oct,,,,22-Nov,,,
PACT Projects,Dev_Number,Dev_Name,DEVELOPMENT,TDS#,BOROUGH,NY CITY COUNCIL DISTRICT,Occupied,Move-In/Selected,Non-Dwelling,Vacancies,Occupied,Move-In/Selected,Non-Dwelling,Vacancies,Occupied,Move-In/Selected,Non-Dwelling,Vacancies,Occupied,Move-In/Selected,Non-Dwelling,Vacancies,Occupied,Move-In/Selected,Non-Dwelling,Vacancies,Occupied,Move-In/Selected,Non-Dwelling,Vacancies,Occupied,Move-In/Selected,Non-Dwelling,Vacancies,Occupied,Move-In/Selected,Non-Dwelling,Vacancies,Occupied,Move-In/Selected,Non-Dwelling,Vacancies,Occupied,Move-In/Selected,Non-Dwelling,Vacancies,Occupied,Move-In/Selected,Non-Dwelling,Vacancies,Occupied,Move-In/Selected,Non-Dwelling,Vacancies,Occupied,Move-In/Selected,Non-Dwelling,Vacancies
,49,MARBLE HILL,MARBLE HILL,49,BRONX,"10, 11, 14",1629,18,4,31,1625,20,4,33,1621,28,4,29,1616,32,4,30,1610,36,4,32,1608,39,4,31,1606,38,4,34,1604,33,4,41,1600,36,3,43,1601,39,3,39,1601,35,3,43,1605,26,3,48,1605,22,3,52
,59,FOREST,FOREST,59,BRONX,16,1307,35,7,1,1304,35,7,4,1305,33,5,7,1308,33,5,4,1309,22,5,14,1304,24,8,14,1301,22,7,20,1302,21,7,20,1296,23,7,24,1294,19,7,30,1289,18,7,36,1285,16,8,41,1286,11,8,45
,80,CASTLE HILL,CASTLE HILL,80,BRONX,18,1966,35,1,23,1960,39,1,25,1965,31,1,28,1969,27,1,28,1966,32,1,26,1964,33,1,27,1963,39,2,21,1963,35,2,25,1962,35,2,26,1964,33,2,26,1966,28,2,29,1960,25,2,38,1958,22,2,43
y,57,EDENWALD,EDENWALD,57,BRONX,12,2002,10,20,7,1993,9,28,9,1986,7,38,8,1982,7,45,5,1971,16,45,7,1966,16,45,12,1962,15,45,17,1956,15,45,23,1955,13,46,25,1950,13,46,30,1944,13,46,36,1944,11,47,37,1943,10,47,39
y,93,SAINT MARY'S PARK,SAINT MARY'S PARK,93,BRONX,17,973,15,2,17,971,15,2,19,971,14,3,19,970,16,4,17,969,17,4,17,967,17,3,20,964,17,3,23,961,16,3,27,960,17,3,27,959,17,2,29,958,17,2,30,958,13,2,34,954,12,3,38
,157,BRONX RIVER ADDITION,BRONX RIVER ADDITION,157,BRONX,18,222,3,1,0,222,2,2,0,222,1,2,1,222,1,2,1,221,1,2,2,220,1,2,3,219,2,2,3,216,0,8,2,212,3,8,3,209,6,9,2,202,7,14,3,185,7,14,20,166,7,15,38
,145,MITCHEL,MITCHEL,145,BRONX,8,1708,15,7,2,1704,19,7,2,1704,19,8,1,1697,24,10,1,1694,27,9,2,1693,27,9,3,1689,27,9,7,1687,26,9,10,1684,25,10,13,1683,24,10,15,1677,22,10,23,1677,17,10,28,1674,16,10,32
,67,SOTOMAYOR,SOTOMAYOR HOUSES,67,BRONX,18,1463,18,4,12,1461,26,4,6,1461,27,3,6,1458,30,3,6,1447,34,4,12,1445,35,10,7,1445,32,10,10,1438,36,10,13,1441,34,10,12,1439,34,10,14,1437,31,10,19,1435,29,10,23,1438,24,5,30
,24,PATTERSON,PATTERSON,24,BRONX,8,1754,29,6,2,1753,30,6,2,1751,32,6,2,1751,32,6,2,1749,28,6,8,1748,29,7,7,1745,28,7,11,1745,26,7,13,1736,25,7,23,1739,20,8,24,1735,20,8,28,1734,19,10,28,1738,13,11,29
,84,MILL BROOK,MILL BROOK,84,BRONX,8,1217,25,8,5,1213,29,8,5,1212,30,9,4,1214,28,9,4,1212,26,9,8,1210,27,9,9,1204,26,9,16,1205,22,9,19,1209,20,8,18,1206,18,8,23,1204,14,8,29,1206,10,10,29,1207,9,10,29
,39,PELHAM PARKWAY,PELHAM PARKWAY,39,BRONX,13,1255,2,9,0,1255,2,9,0,1251,10,5,0,1245,16,5,0,1237,22,5,2,1237,22,5,2,1227,25,5,9,1221,28,5,12,1220,28,4,14,1216,28,4,18,1214,27,4,21,1211,27,3,25,1210,25,3,28
,88,MONROE,MONROE,88,BRONX,18,1076,12,10,4,1069,20,9,4,1068,21,9,4,1068,21,9,4,1066,18,9,9,1066,19,9,8,1067,14,9,12,1064,13,9,16,1066,11,9,16,1063,10,9,20,1059,11,9,23,1058,9,9,26,1058,7,9,28
,113,BUTLER,BUTLER,113,BRONX,16,1457,18,17,0,1459,16,17,0,1460,15,17,0,1465,10,17,0,1465,9,17,1,1457,12,17,6,1456,12,17,7,1456,10,17,9,1448,11,17,16,1445,10,18,19,1446,9,18,19,1445,9,20,18,1436,8,21,27
,118,ADAMS,ADAMS,118,BRONX,17,904,16,4,1,906,17,2,0,908,14,2,1,906,14,2,3,908,13,2,2,907,15,2,1,903,14,2,6,898,15,1,11,896,14,1,14,894,15,1,15,890,15,1,19,891,10,1,23,888,9,1,27
,121,MOTT HAVEN,MOTT HAVEN,121,BRONX,8,973,14,4,2,975,12,4,2,973,15,4,1,972,15,4,2,971,14,4,4,969,16,4,4,968,15,4,6,960,15,4,14,961,14,4,14,957,14,4,18,956,11,4,22,956,10,5,22,955,7,5,26
,32,BRONX RIVER,BRONX RIVER,32,BRONX,18,1223,12,7,4,1220,15,6,5,1220,16,6,4,1220,16,6,4,1219,17,6,4,1217,17,6,6,1216,16,6,8,1214,16,7,9,1214,16,7,9,1207,16,7,16,1207,16,7,16,1205,17,7,17,1202,17,7,20
,71,SOUNDVIEW,SOUNDVIEW,71,BRONX,18,1233,22,4,0,1236,19,4,0,1236,19,4,0,1235,19,4,1,1237,15,4,3,1234,18,4,3,1236,15,4,4,1236,13,4,6,1233,17,4,5,1228,16,4,11,1225,15,4,15,1223,12,4,20,1223,12,5,19
,142,HABER,WEBSTER,141,BRONX,16,369,10,0,1,368,12,0,0,366,14,0,0,365,15,0,0,360,17,0,3,358,18,0,4,359,17,0,4,359,15,0,6,358,14,0,8,356,9,0,15,353,9,0,18,352,9,0,19,352,9,0,19
,63,THROGGS NECK,THROGGS NECK,63,BRONX,13,1161,19,4,1,1160,21,4,0,1158,23,4,0,1160,20,4,1,1158,19,4,4,1158,20,4,3,1157,20,4,4,1155,18,4,8,1155,18,3,9,1152,17,3,13,1149,17,3,16,1149,16,3,17,1147,17,3,18
,120,JACKSON,JACKSON,120,BRONX,17,854,10,1,3,855,8,1,4,853,11,1,3,851,12,1,4,851,11,1,5,850,14,1,3,843,15,1,9,841,16,1,10,839,15,2,12,840,15,3,10,836,16,3,13,835,16,3,14,832,15,3,18
,267,MORRISANIA AIR RIGHTS,MORRISANIA AIR RIGHTS,267,BRONX,"16, 17",838,3,1,1,837,4,1,1,838,3,1,1,837,4,1,1,838,3,1,1,837,3,1,2,835,3,1,4,833,3,1,6,829,3,1,10,826,5,1,11,825,5,1,12,822,5,1,15,819,5,1,18
,102,MORRIS I,MORRIS I,102,BRONX,16,1070,14,1,0,1069,13,2,1,1074,8,3,0,1070,12,3,0,1070,12,3,0,1070,11,3,1,1067,10,3,5,1066,10,3,6,1065,9,3,8,1061,8,3,13,1060,7,3,15,1061,6,3,15,1059,6,3,17
y,28,MELROSE,MELROSE,28,BRONX,17,997,22,4,0,996,23,4,0,997,22,4,0,996,23,4,0,994,23,4,2,994,23,4,2,993,21,4,5,993,19,4,7,998,15,4,6,998,14,4,7,996,14,4,9,995,11,5,12,995,7,5,16
,78,HIGHBRIDGE GARDENS,HIGHBRIDGE GARDENS,78,BRONX,16,688,8,3,1,685,11,3,1,684,12,3,1,683,13,3,1,685,10,3,2,683,10,2,5,681,11,2,6,680,11,2,7,680,9,3,8,678,9,3,10,677,9,3,11,676,6,3,15,675,6,3,16
,103,MCKINLEY,MCKINLEY,103,BRONX,16,600,16,3,0,600,16,3,0,601,15,3,0,601,15,3,0,601,14,3,1,597,16,3,3,595,14,3,7,596,11,3,9,596,11,3,9,595,9,3,12,593,9,3,14,597,5,3,14,596,4,3,16
,40,GUN HILL,GUN HILL,40,BRONX,12,730,2,1,0,730,2,1,0,725,7,1,0,722,10,1,0,716,15,1,1,714,15,1,3,712,16,1,4,712,15,1,5,708,14,1,10,708,13,1,11,707,13,1,12,706,12,1,14,708,9,1,15
y,34,EASTCHESTER GARDENS,EASTCHESTER GARDENS,34,BRONX,12,859,17,0,1,854,22,0,1,856,20,0,1,855,21,0,1,851,23,0,3,852,23,0,2,850,23,1,3,849,19,2,7,847,19,2,9,847,19,2,9,847,19,3,8,846,17,3,11,845,17,3,12
y,138,BOSTON SECOR,BOSTON SECOR,138,BRONX,12,526,5,7,0,522,9,7,0,521,10,7,0,521,10,7,0,521,9,7,1,521,9,7,1,521,9,7,1,522,7,7,2,522,4,7,5,525,3,6,4,525,2,6,5,526,2,5,5,523,1,5,9
y,280,SACK WERN,SACK WERN,280,BRONX,18,402,2,9,0,401,2,9,1,401,1,9,2,399,0,11,3,398,0,11,4,397,0,11,5,397,1,11,4,398,0,11,4,398,0,11,4,398,0,11,4,394,0,11,8,393,0,11,9,393,0,11,9
,45,SEDGWICK,SEDGWICK,45,BRONX,16,763,14,9,0,763,13,10,0,760,16,10,0,764,13,9,0,765,11,8,2,766,9,9,2,763,1,19,3,760,0,20,6,763,1,18,4,761,4,16,5,757,6,14,9,755,4,22,5,756,4,18,8
y,202,BAILEY AVENUE-WEST 193RD STREET,BAILEY AVENUE-WEST 193RD STREET,202,BRONX,14,232,0,0,1,232,0,1,0,230,2,1,0,229,3,1,0,228,4,1,0,227,5,1,0,226,5,1,1,226,5,1,1,226,5,1,1,225,5,1,2,224,4,1,4,221,4,1,7,220,4,1,8
,225,GLEBE AVENUE-WESTCHESTER AVENUE,GLEBE AVENUE-WESTCHESTER AVENUE,225,BRONX,18,125,4,2,1,126,3,2,1,125,5,1,1,124,5,1,2,123,5,1,3,122,7,1,2,121,7,2,2,122,6,2,2,122,8,2,0,122,8,2,0,123,7,2,0,120,6,2,4,116,6,2,8
,245,RANDALL AVENUE-BALCOM AVENUE,RANDALL AVENUE-BALCOM AVENUE,245,BRONX,13,246,4,2,0,246,4,2,0,245,5,2,0,244,5,2,1,241,9,2,0,240,9,2,1,241,6,2,3,240,6,2,4,240,7,2,3,240,7,2,3,237,7,2,6,235,6,2,9,235,7,2,8
,47,PARKSIDE,PARKSIDE,47,BRONX,15,866,11,2,0,862,15,1,1,862,15,2,0,862,15,2,0,862,13,2,2,862,15,2,0,860,14,2,3,858,14,3,4,858,16,3,2,858,15,3,3,857,14,3,5,857,12,3,7,860,9,3,7
y,191,MIDDLETOWN PLAZA,MIDDLETOWN PLAZA,191,BRONX,13,171,5,2,1,169,7,2,1,169,7,2,1,167,9,2,1,166,9,2,2,164,10,2,3,164,10,2,3,164,10,2,3,163,11,2,3,162,11,2,4,162,11,2,4,163,9,2,5,162,8,2,7
,335,CLAREMONT REHAB (GROUP 4),CLAREMONT REHAB (GROUP 4),335,BRONX,16,138,4,7,1,138,4,7,1,136,6,8,0,136,6,8,0,134,7,8,1,132,8,8,2,131,9,8,2,131,9,8,2,131,6,8,5,131,7,8,4,131,7,8,4,128,6,8,8,129,6,8,7
y,11,CLASON POINT GARDENS,CLASON POINT GARDENS,11,BRONX,18,398,1,2,0,396,1,2,2,395,1,3,2,395,1,4,1,395,1,4,1,394,1,5,1,393,1,6,1,393,1,6,1,393,1,7,0,393,1,7,0,391,1,8,1,387,1,9,4,385,1,9,6
,129,MOORE,MOORE,129,BRONX,8,457,3,1,2,455,4,1,3,456,5,0,2,455,7,0,1,454,8,0,1,454,9,0,0,453,8,0,2,453,8,0,2,452,8,0,3,452,6,0,5,452,6,0,5,452,5,0,6,452,5,0,6
y,189,BOSTON ROAD PLAZA,BOSTON ROAD PLAZA,189,BRONX,13,231,1,3,0,228,0,3,4,228,4,3,0,228,4,3,0,228,4,3,0,228,4,3,0,218,10,3,4,216,10,3,6,214,14,3,4,214,14,3,4,213,15,3,4,216,11,3,5,216,10,3,6
,502,MORRIS II,MORRIS II,502,BRONX,16,791,8,2,1,790,9,2,1,791,8,2,1,790,8,3,1,792,5,3,2,790,7,3,2,789,8,3,2,788,7,3,4,789,7,3,3,788,7,3,4,788,7,3,4,787,7,3,5,787,6,3,6
,224,EAGLE AVENUE-EAST 163RD STREET,EAGLE AVENUE-EAST 163RD STREET,224,BRONX,17,62,4,0,0,63,2,0,1,63,3,0,0,64,2,0,0,64,2,0,0,64,2,0,0,64,2,0,0,63,2,0,1,63,2,0,1,61,2,0,3,60,2,0,4,60,2,0,4,60,1,0,5
,237,EAST 152ND STREET-COURTLANDT AVENUE,EAST 152ND STREET-COURTLANDT AVENUE,237,BRONX,17,219,1,0,1,219,2,0,0,219,2,0,0,219,2,0,0,219,2,0,0,219,2,0,0,218,1,0,2,218,1,0,2,216,1,0,4,216,1,0,4,216,1,0,4,216,1,0,4,215,1,0,5
,334,CLAREMONT PARKWAY-FRANKLIN AVENUE,CLAREMONT PARKWAY-FRANKLIN AVENUE,334,BRONX,16,180,1,6,1,179,0,6,3,179,0,8,1,176,0,11,1,176,0,11,1,175,0,12,1,175,0,12,1,175,0,12,1,175,0,12,1,175,0,12,1,175,0,12,1,175,0,12,1,171,0,12,5
y,246,WEST TREMONT AVENUE-SEDGWICK AVENUE,WEST TREMONT AVENUE-SEDGWICK AVENUE AREA,246,BRONX,14,140,4,4,0,141,4,3,0,141,3,3,1,140,4,4,0,141,2,4,1,142,2,3,1,143,0,4,1,143,0,4,1,143,1,3,1,142,0,5,1,140,0,5,3,140,0,5,3,139,0,5,4
y,338,EAST 173RD STREET-VYSE AVENUE,EAST 173RD STREET-VYSE AVENUE,338,BRONX,17,167,0,0,1,167,0,0,1,167,0,0,1,165,0,0,3,165,0,0,3,165,0,0,3,165,0,0,3,167,0,0,1,167,0,0,1,166,0,0,2,165,0,0,3,165,0,0,3,164,0,0,4
,130,MORRISANIA,MORRISANIA,130,BRONX,16,201,5,0,0,201,5,0,0,202,4,0,0,201,5,0,0,198,8,0,0,198,8,0,0,198,7,0,1,198,7,0,1,198,7,0,1,199,6,0,1,198,6,0,2,198,6,0,2,198,5,0,3
,193,THROGGS NECK ADDITION,THROGGS NECK ADDITION,193,BRONX,13,283,4,0,0,280,5,0,2,280,6,0,1,281,5,0,1,280,7,0,0,280,7,0,0,278,7,0,2,277,7,0,3,277,7,0,3,277,6,0,4,277,6,0,4,277,6,0,4,277,7,0,3
,214,1471 WATSON AVENUE,1471 WATSON AVENUE,214,BRONX,17,94,1,0,1,94,2,0,0,93,3,0,0,93,3,0,0,93,2,0,1,93,3,0,0,93,2,0,1,93,1,0,2,93,1,0,2,92,1,0,3,92,1,0,3,92,1,0,3,92,1,0,3
,233,1162-1176 WASHINGTON AVENUE,1162-1176 WASHINGTON AVENUE,233,BRONX,16,61,2,1,2,61,2,1,2,61,2,1,2,61,2,1,2,61,2,1,2,61,2,1,2,61,2,1,2,61,2,1,2,61,2,1,2,61,2,1,2,61,2,1,2,60,2,1,3,60,2,1,3
y,180,1010 EAST 178TH STREET,1010 EAST 178TH STREET,180,BRONX,15,213,4,3,0,214,3,3,0,216,1,3,0,214,3,3,0,214,3,3,0,212,3,3,2,212,3,3,2,212,3,3,2,212,3,3,2,212,3,3,2,212,3,3,2,212,3,3,2,212,3,3,2
,190,DAVIDSON,DAVIDSON,190,BRONX,17,175,0,0,0,175,0,0,0,175,0,0,0,174,0,1,0,174,0,1,0,173,0,1,1,173,0,1,1,173,0,1,1,173,0,1,1,173,0,1,1,173,0,1,1,173,0,1,1,172,0,1,2
y,197,FORT INDEPENDENCE STREET-HEATH AVENUE,FORT INDEPENDENCE STREET-HEATH AVENUE,197,BRONX,14,337,4,3,0,337,4,3,0,338,3,3,0,335,6,3,0,333,8,3,0,333,8,3,0,332,8,3,1,332,9,3,0,332,9,3,0,332,9,3,0,332,9,3,0,331,9,3,1,331,8,3,2
y,208,EAST 180TH STREET-MONTEREY AVENUE,EAST 180TH STREET-MONTEREY AVENUE,208,BRONX,15,235,2,1,1,236,2,1,0,237,2,0,0,237,2,0,0,237,2,0,0,236,2,0,1,236,2,0,1,236,2,0,1,237,1,0,1,236,1,0,2,236,1,0,2,236,1,0,2,236,1,0,2
,236,COLLEGE AVENUE-EAST 165TH STREET,COLLEGE AVENUE-EAST 165TH STREET,236,BRONX,16,93,2,0,0,92,3,0,0,91,4,0,0,91,4,0,0,91,4,0,0,91,4,0,0,90,5,0,0,90,5,0,0,90,4,0,1,90,4,0,1,90,4,0,1,89,4,0,2,89,4,0,2
y,287,TWIN PARKS EAST (SITE 9),TWIN PARKS EAST (SITE 9),287,BRONX,15,216,1,0,2,216,2,0,1,216,3,0,0,214,4,0,1,214,5,0,0,213,5,0,1,213,5,0,1,213,6,0,0,214,5,0,0,214,5,0,0,214,5,0,0,215,4,0,0,213,4,0,2
,346,BOYNTON AVENUE REHAB,BOYNTON AVENUE REHAB,346,BRONX,18,82,0,0,0,82,0,0,0,82,0,0,0,81,0,0,1,81,0,1,0,81,0,1,0,81,0,1,0,78,0,1,3,78,0,1,3,78,0,1,3,78,0,2,2,78,0,2,2,78,0,2,2
y,360,WEST FARMS ROAD REHAB,WEST FARMS ROAD REHAB,360,BRONX,17,205,1,0,2,206,1,0,1,206,1,0,1,205,2,0,1,204,2,0,2,204,3,0,1,206,0,0,2,205,0,0,3,204,3,0,1,203,3,0,2,202,5,0,1,204,4,0,0,204,2,0,2
y,547,HARRISON AVENUE REHAB (GROUP B),HARRISON AVENUE REHAB (GROUP B),547,BRONX,14,149,0,0,1,150,0,0,0,150,0,0,0,150,0,0,0,150,0,0,0,149,0,0,1,149,0,0,1,150,0,0,0,150,0,0,0,150,0,0,0,149,0,0,1,148,0,0,2,148,0,0,2
,132,MILL BROOK EXTENSION,MILL BROOK EXTENSION,132,BRONX,8,120,1,3,1,120,1,3,1,120,1,4,0,120,1,4,0,119,1,4,1,119,1,4,1,119,1,4,1,119,1,4,1,120,1,3,1,120,1,3,1,120,1,3,1,120,1,3,1,121,0,3,1
y,215,HOE AVENUE-EAST 173RD STREET,HOE AVENUE-EAST 173RD STREET,215,BRONX,17,65,0,0,0,65,0,0,0,65,0,0,0,65,0,0,0,65,0,0,0,65,0,0,0,65,0,0,0,65,0,0,0,65,0,0,0,65,0,0,0,65,0,0,0,64,0,0,1,64,0,0,1
y,304,EAST 165TH STREET-BRYANT AVENUE,EAST 165TH STREET-BRYANT AVENUE,304,BRONX,17,111,0,0,0,110,0,0,1,110,0,0,1,110,0,0,1,111,0,0,0,111,0,0,0,111,0,0,0,111,0,0,0,111,0,0,0,111,0,0,0,111,0,0,0,111,0,0,0,110,0,0,1
,336,CLAREMONT REHAB (GROUP 5),CLAREMONT REHAB (GROUP 5),336,BRONX,16,128,0,7,0,128,0,7,0,128,0,7,0,128,0,7,0,128,0,7,0,128,0,7,0,128,0,7,0,128,0,7,0,127,1,7,0,127,1,7,0,126,1,7,1,125,2,7,1,125,2,7,1
y,341,UNIVERSITY AVENUE REHAB,UNIVERSITY AVENUE REHAB,341,BRONX,14,230,0,0,0,230,0,0,0,230,0,0,0,229,0,0,1,229,0,0,1,229,0,0,1,226,0,0,4,226,0,0,4,224,1,0,5,224,4,0,2,226,2,0,2,226,2,0,2,228,1,0,1
y,342,UNION AVENUE-EAST 163RD STREET,UNION AVENUE-EAST 163RD STREET,342,BRONX,17,196,1,2,1,196,0,2,2,196,0,4,0,195,0,5,0,193,0,5,2,191,0,7,2,191,0,9,0,191,0,9,0,191,0,9,0,191,0,9,0,191,0,9,0,191,0,9,0,190,0,9,1
y,353,STEBBINS AVENUE-HEWITT PLACE,STEBBINS AVENUE-HEWITT PLACE,353,BRONX,17,119,0,1,0,119,0,1,0,119,0,1,0,118,0,1,1,118,0,1,1,118,0,2,0,118,0,2,0,118,0,2,0,118,0,2,0,118,0,2,0,117,0,2,1,117,0,2,1,117,0,2,1
y,356,UNION AVENUE-EAST 166TH STREET,UNION AVENUE-EAST 166TH STREET,356,BRONX,17,118,0,1,1,118,0,1,1,118,0,1,1,118,0,1,1,117,0,1,2,118,0,2,0,118,0,2,0,118,0,2,0,118,0,2,0,118,0,2,0,117,0,2,1,117,0,2,1,117,0,2,1
y,362,LONGFELLOW AVENUE REHAB,LONGFELLOW AVENUE REHAB,362,BRONX,17,73,0,0,2,73,0,0,2,72,0,0,3,71,0,0,4,73,0,0,2,73,0,0,2,73,0,0,2,73,0,0,2,73,0,0,2,73,0,0,2,73,0,0,2,74,0,0,1,74,0,0,1
y,367,HUNTS POINT AVENUE REHAB,HUNTS POINT AVENUE REHAB,367,BRONX,17,129,0,0,2,129,0,0,2,128,0,0,3,128,0,0,3,130,0,0,1,130,0,0,1,130,0,0,1,130,0,0,1,130,0,0,1,129,0,0,2,129,0,0,2,130,0,0,1,130,0,0,1
,223,TELLER AVENUE-EAST 166TH STREET,TELLER AVENUE-EAST 166TH STREET,223,BRONX,16,88,1,1,0,87,2,1,0,86,3,1,0,86,3,1,0,86,3,1,0,86,3,1,0,86,3,1,0,86,3,1,0,86,2,1,1,86,2,1,1,86,2,1,1,86,2,2,0,86,2,2,0
y,235,BRYANT AVENUE-EAST 174TH STREET,BRYANT AVENUE-EAST 174TH STREET,235,BRONX,17,71,0,0,1,71,0,0,1,71,0,0,1,72,0,0,0,72,0,0,0,72,0,0,0,72,0,0,0,72,0,0,0,72,0,0,0,72,0,0,0,72,0,0,0,72,0,0,0,72,0,0,0
,305,SOUTH BRONX AREA (SITE 402),SOUTH BRONX AREA (SITE 402),305,BRONX,17,111,0,3,0,111,0,3,0,111,0,3,0,111,0,3,0,111,0,3,0,111,0,3,0,111,0,3,0,111,0,3,0,111,0,3,0,111,0,3,0,111,0,3,0,111,0,3,0,111,0,3,0
,307,CLAREMONT REHAB (GROUP 2),CLAREMONT REHAB (GROUP 2),307,BRONX,16,105,1,1,0,105,1,1,0,104,2,1,0,103,3,1,0,103,3,1,0,103,3,1,0,103,3,1,0,103,3,1,0,102,4,1,0,102,4,1,0,102,4,1,0,102,4,1,0,103,3,1,0
,308,CLAREMONT REHAB (GROUP 3),CLAREMONT REHAB (GROUP 3),308,BRONX,16,107,0,8,0,107,0,8,0,106,1,8,0,106,1,8,0,106,1,8,0,106,1,8,0,106,1,8,0,106,1,8,0,105,2,8,0,105,2,8,0,105,2,8,0,105,2,8,0,105,2,8,0
y,347,HARRISON AVENUE REHAB (GROUP A),HARRISON AVENUE REHAB (GROUP A),347,BRONX,14,34,0,0,0,34,0,0,0,34,0,0,0,34,0,0,0,34,0,0,0,33,0,0,1,33,1,0,0,33,1,0,0,33,1,0,0,34,0,0,0,34,0,0,0,34,0,0,0,34,0,0,0
y,526,WEST FARMS SQUARE CONVENTIONAL,WEST FARMS SQUARE CONVENTIONAL,526,BRONX,17,20,0,0,0,20,0,0,0,20,0,0,0,20,0,0,0,20,0,0,0,20,0,0,0,20,0,0,0,20,0,0,0,20,0,0,0,20,0,0,0,20,0,0,0,20,0,0,0,20,0,0,0
,560,PSS Grandparents Family Apartments,PSS GRANDPARENT FAMILY APARTMENTS,560,BRONX,17,0,0,0,0,0,0,0,0,0,0,0,0,0,0,0,0,0,0,0,0,0,0,0,0,0,0,0,0,0,0,0,0,0,0,0,0,0,0,0,0,0,0,0,0,0,0,0,0,0,0,0,0
,83,MARLBORO,MARLBORO,83,BROOKLYN,47,1708,18,2,37,1708,18,2,37,1705,20,2,38,1701,19,2,43,1697,20,2,46,1692,22,2,49,1692,20,2,51,1684,19,2,60,1684,19,2,60,1684,19,2,60,1668,19,2,76,1666,18,2,79,1661,17,2,85
,79,RED HOOK WEST,RED HOOK WEST,79,BROOKLYN,38,1405,43,19,13,1407,36,19,18,1407,36,19,18,1404,36,22,18,1385,30,24,41,1378,31,27,44,1378,30,28,44,1378,30,28,44,1375,30,28,47,1373,32,27,48,1368,31,27,54,1368,28,27,57,1366,26,28,60
,92,BAY VIEW,BAY VIEW,92,BROOKLYN,46,1568,23,2,17,1568,24,2,16,1565,26,2,17,1565,24,2,19,1567,20,2,21,1569,20,2,19,1569,19,2,20,1568,19,2,21,1553,19,2,36,1550,18,2,40,1551,17,2,40,1548,17,2,43,1547,16,2,45
,10,KINGSBOROUGH,KINGSBOROUGH,10,BROOKLYN,41,1141,17,7,0,1141,16,7,1,1139,18,7,1,1144,8,12,1,1134,12,13,6,1130,12,13,10,1128,11,13,13,1127,11,13,14,1124,9,12,20,1125,8,12,20,1121,8,11,25,1117,8,10,30,1109,7,10,39
,61,VAN DYKE I,VAN DYKE I,61,BROOKLYN,41,1566,14,11,12,1567,14,10,12,1569,11,10,13,1568,10,10,15,1570,6,10,17,1570,6,12,15,1566,5,12,20,1564,2,12,25,1561,2,12,28,1559,2,12,30,1556,1,13,33,1552,0,13,38,1551,0,13,39
,43,NOSTRAND,NOSTRAND,43,BROOKLYN,46,1131,15,1,1,1131,16,1,0,1126,21,1,0,1126,21,1,0,1127,19,1,1,1125,19,1,3,1116,19,1,12,1117,17,1,13,1112,15,1,20,1108,14,1,25,1105,12,1,30,1100,11,2,35,1099,11,2,36
,86,BUSHWICK,BUSHWICK,86,BROOKLYN,34,1190,15,4,11,1188,16,4,12,1190,14,4,12,1188,14,4,14,1187,16,4,13,1185,18,4,13,1186,17,4,13,1184,17,4,15,1181,17,4,18,1177,17,4,22,1173,16,4,27,1173,15,4,28,1170,15,4,31
,56,BREUKELEN,BREUKELEN,56,BROOKLYN,42,1576,14,5,0,1571,19,5,0,1570,19,5,1,1570,19,5,1,1567,17,6,5,1564,18,6,7,1558,19,7,11,1558,18,7,12,1556,16,7,16,1553,15,8,19,1551,15,9,20,1546,14,9,26,1546,13,9,27
y,167,REID APARTMENTS,REID APARTMENTS,167,BROOKLYN,41,223,0,6,1,222,0,6,2,219,0,6,5,218,0,6,6,215,6,6,3,211,7,6,6,205,8,6,11,199,7,6,18,197,7,6,20,197,7,6,20,195,7,6,22,193,7,6,24,192,6,6,26
,14,INGERSOLL,INGERSOLL,14,BROOKLYN,35,1660,26,132,22,1656,48,132,4,1653,50,132,5,1651,56,132,1,1647,48,133,12,1647,48,133,12,1647,48,132,13,1647,46,132,15,1637,43,132,28,1638,36,157,9,1635,33,157,15,1634,29,156,21,1633,28,156,23
,70,CYPRESS HILLS,CYPRESS HILLS,70,BROOKLYN,42,1423,17,4,0,1419,21,4,0,1416,24,4,0,1418,21,4,1,1418,20,4,2,1411,24,4,5,1409,22,5,8,1409,22,7,6,1399,22,7,16,1399,22,7,16,1398,22,7,17,1394,21,7,22,1395,19,7,23
,96,TILDEN,TILDEN,96,BROOKLYN,41,993,4,1,0,991,6,1,0,987,8,1,2,983,14,1,0,979,14,1,4,977,16,3,2,974,15,3,6,973,14,3,8,973,12,3,10,973,10,3,12,969,10,3,16,967,7,3,21,966,6,3,23
,166,CAREY GARDENS,CAREY GARDENS,166,BROOKLYN,47,671,7,2,3,672,6,2,3,670,8,2,3,669,7,3,4,667,8,3,5,665,10,4,4,661,10,4,8,658,9,4,12,655,7,4,17,653,7,4,19,653,5,5,20,654,4,5,20,651,4,5,23
,16,BROWNSVILLE,BROWNSVILLE,16,BROOKLYN,41,1294,26,17,1,1291,29,17,1,1291,28,17,2,1295,25,16,2,1297,17,16,8,1294,18,18,8,1294,17,18,9,1293,15,18,12,1291,12,18,17,1289,12,20,17,1287,11,21,19,1286,10,20,22,1287,9,20,22
,21,MARCY,MARCY,21,BROOKLYN,36,1689,17,11,0,1688,18,11,0,1689,16,11,1,1689,17,11,0,1689,16,11,1,1687,17,11,2,1685,16,11,5,1683,16,12,6,1679,16,12,10,1673,16,12,16,1671,15,13,18,1674,12,13,18,1671,11,13,22
,182,WOODSON,WOODSON,182,BROOKLYN,42,396,9,0,2,395,9,1,2,398,8,1,0,398,8,1,0,397,8,1,1,393,13,1,0,388,13,1,5,383,13,1,10,382,13,1,11,384,10,1,12,383,10,1,13,380,9,1,17,377,8,2,20
,89,PINK,PINK,89,BROOKLYN,42,1483,15,1,1,1480,18,1,1,1481,15,1,3,1482,16,1,1,1481,12,1,6,1482,10,3,5,1479,11,3,7,1479,11,3,7,1478,11,3,8,1476,11,3,10,1473,8,3,16,1472,8,3,17,1471,7,3,19
,172,O'DWYER GARDENS,O'DWYER GARDENS,172,BROOKLYN,47,551,7,14,1,551,8,13,1,549,11,13,0,546,13,13,1,544,15,13,1,542,15,14,2,541,15,14,3,538,15,14,6,537,15,14,7,535,16,14,8,533,18,12,10,531,13,12,17,529,13,12,19
,170,SURFSIDE GARDENS,SURFSIDE GARDENS,170,BROOKLYN,47,573,13,11,3,572,15,11,2,569,19,11,1,570,17,11,2,570,13,11,6,566,15,11,8,565,13,11,11,565,12,10,13,566,10,10,14,565,10,10,15,566,8,11,15,564,7,11,18,564,7,11,18
,514,WHITMAN,WHITMAN,514,BROOKLYN,35,1615,13,29,2,1609,18,29,3,1603,25,28,3,1603,27,28,1,1601,29,28,1,1599,27,31,2,1595,23,33,8,1590,17,40,12,1590,16,41,12,1589,16,54,0,1589,16,54,0,1580,15,55,9,1572,13,56,18
,4,RED HOOK EAST,RED HOOK EAST,4,BROOKLYN,38,1355,37,13,6,1351,35,13,12,1350,41,13,7,1345,41,13,12,1337,50,17,7,1337,50,19,5,1334,50,18,9,1332,49,18,12,1331,51,18,11,1324,51,28,8,1323,48,28,12,1320,47,28,16,1319,47,28,17
,73,SUMNER,SUMNER,73,BROOKLYN,36,1074,22,2,1,1072,23,2,2,1072,24,2,1,1073,23,2,1,1070,23,2,4,1068,24,4,3,1066,23,4,6,1065,23,5,6,1064,22,6,7,1064,22,6,7,1060,22,6,11,1060,22,6,11,1057,20,6,16
,168,HUGHES APARTMENTS,HUGHES APARTMENTS,168,BROOKLYN,41,498,3,9,3,497,6,9,1,497,6,9,1,497,6,9,1,495,7,9,2,495,7,10,1,493,6,11,3,492,5,11,5,490,4,11,8,489,4,11,9,488,4,11,10,485,3,11,14,483,3,11,16
,31,ALBANY,ALBANY,31,BROOKLYN,36,804,13,9,3,803,8,14,4,804,7,14,4,800,12,14,3,800,11,14,4,800,11,14,4,800,11,14,4,800,10,14,5,797,10,14,8,797,9,14,9,797,9,14,9,795,9,14,11,791,9,14,15
,36,SHEEPSHEAD BAY,SHEEPSHEAD BAY,36,BROOKLYN,46,1042,13,1,0,1042,13,1,0,1041,14,1,0,1041,13,1,1,1043,11,2,0,1042,11,2,1,1040,10,2,4,1038,10,2,6,1037,8,2,9,1036,8,2,10,1037,4,2,13,1034,3,3,16,1034,3,4,15
,315,VANDALIA AVENUE,VANDALIA AVENUE,315,BROOKLYN,42,280,8,5,0,280,8,5,0,281,6,6,0,279,8,6,0,277,9,7,0,277,9,7,0,275,9,7,2,275,9,7,2,275,9,7,2,274,8,7,4,269,8,7,9,269,6,7,11,266,6,7,14
,261,UNITY PLAZA (SITES 4-27),UNITY PLAZA (SITES 4-27),261,BROOKLYN,42,443,15,3,1,443,14,3,2,443,14,3,2,445,13,3,1,443,14,3,2,444,14,3,1,443,14,3,2,442,14,4,2,440,14,4,4,437,14,4,7,435,14,4,9,434,13,4,11,432,13,4,13
,271,BORINQUEN PLAZA II,BORINQUEN PLAZA II,271,BROOKLYN,34,419,4,1,1,419,5,1,0,418,5,1,1,419,4,1,1,418,4,1,2,417,4,1,3,416,4,1,4,415,4,1,5,412,3,1,9,412,2,1,10,412,2,1,10,409,2,1,13,409,2,1,13
,69,COOPER PARK,COOPER PARK,69,BROOKLYN,34,689,11,0,0,689,11,0,0,689,11,0,0,689,11,0,0,689,8,0,3,689,10,1,0,687,10,1,2,686,10,1,3,683,10,1,6,683,8,2,7,682,7,2,9,683,6,2,9,680,6,2,12
,131,TOMPKINS,TOMPKINS,131,BROOKLYN,36,1032,12,2,0,1032,11,3,0,1036,7,3,0,1031,12,3,0,1031,10,3,2,1030,9,5,2,1029,9,5,3,1029,9,5,3,1033,5,5,3,1028,5,5,8,1025,5,5,11,1027,4,5,10,1028,2,5,11
,243,BORINQUEN PLAZA I,BORINQUEN PLAZA I,243,BROOKLYN,34,495,11,2,1,494,13,2,0,493,13,2,1,493,14,2,0,492,12,2,3,493,10,3,3,492,10,3,4,493,7,3,6,490,7,3,9,488,7,3,11,488,7,4,10,487,7,4,11,487,7,4,11
,44,GLENWOOD,GLENWOOD,44,BROOKLYN,45,1177,10,1,0,1178,9,1,0,1178,9,1,0,1178,9,1,0,1172,15,1,0,1171,15,1,1,1171,15,1,1,1168,16,1,3,1169,15,1,3,1161,17,1,9,1161,17,1,9,1160,17,1,10,1161,16,1,10
,72,HOWARD,HOWARD,72,BROOKLYN,41,791,18,6,0,792,16,6,1,791,17,6,1,790,19,5,1,787,19,5,4,784,22,7,2,783,23,7,2,783,22,7,3,782,22,7,4,779,22,7,7,779,22,7,7,778,20,7,10,778,20,7,10
,85,ALBANY II,ALBANY II,85,BROOKLYN,36,387,10,3,0,387,7,6,0,387,7,6,0,387,7,6,0,387,7,6,0,386,6,7,1,385,6,7,2,384,5,7,4,383,5,7,5,383,5,7,5,380,5,7,8,380,5,7,8,379,5,7,9
,146,VAN DYKE II,VAN DYKE II,146,BROOKLYN,41,110,1,1,0,108,3,1,0,109,2,1,0,108,3,1,0,108,3,1,0,107,3,2,0,106,3,2,1,106,2,2,2,106,2,2,2,105,1,2,4,105,1,2,4,100,1,2,9,100,1,2,9
,156,303 VERNON AVENUE,303 VERNON AVENUE,156,BROOKLYN,36,229,4,0,1,228,6,0,0,228,6,0,0,227,6,0,1,226,6,0,2,226,6,0,2,225,6,0,3,225,6,0,3,224,6,0,4,224,6,0,4,220,6,0,8,220,6,0,8,219,6,0,9
,161,KINGSBOROUGH EXTENSION,KINGSBOROUGH EXTENSION,161,BROOKLYN,41,179,4,1,0,181,2,1,0,182,1,1,0,182,1,1,0,182,1,1,0,181,1,1,1,179,2,1,2,178,1,1,4,176,1,1,6,176,1,1,6,176,2,1,5,173,2,1,8,172,2,1,9
,171,GLENMORE PLAZA,GLENMORE PLAZA,171,BROOKLYN,37,425,15,0,0,425,15,0,0,424,16,0,0,425,15,0,0,424,14,0,2,422,14,1,3,423,11,1,5,424,10,1,5,424,10,1,5,425,8,1,6,424,8,1,7,424,8,1,7,422,8,1,9
,65,BREVOORT,BREVOORT,65,BROOKLYN,41,883,10,3,0,884,9,2,1,882,11,2,1,883,10,3,0,880,11,3,2,879,11,5,1,876,12,5,3,875,12,5,4,876,11,5,4,876,11,5,4,877,10,5,4,874,10,5,7,874,10,4,8
,68,GRAVESEND,GRAVESEND,68,BROOKLYN,47,618,11,5,0,617,11,5,1,615,12,5,2,615,14,5,0,613,13,5,3,612,15,6,1,611,13,7,3,611,12,8,3,610,11,8,5,608,10,9,7,610,8,9,7,610,8,9,7,610,7,9,8
,94,CONEY ISLAND,CONEY ISLAND,94,BROOKLYN,47,526,3,4,1,525,5,4,0,523,7,4,0,523,6,4,1,522,6,5,1,521,8,5,0,519,7,5,3,518,7,5,4,518,7,5,4,516,6,5,7,516,6,5,7,515,6,5,8,515,6,5,8
,122,LAFAYETTE,LAFAYETTE,122,BROOKLYN,35,863,17,2,0,863,17,2,0,863,17,2,0,863,17,2,0,865,14,2,1,863,15,2,2,863,12,2,5,859,11,4,8,858,12,4,8,855,12,12,3,853,11,12,6,850,11,14,7,849,11,14,8
,216,CONEY ISLAND I (SITES 4 & 5),CONEY ISLAND I (SITES 4 & 5),216,BROOKLYN,47,367,7,1,1,369,5,1,1,371,3,1,1,371,3,1,1,370,3,1,2,369,2,4,1,367,2,4,3,366,2,4,4,365,2,4,5,365,2,3,6,365,2,3,6,363,2,3,8,363,2,3,8
,276,LONG ISLAND BAPTIST HOUSES,LONG ISLAND BAPTIST HOUSES,276,BROOKLYN,42,215,6,8,3,217,4,8,3,217,4,8,3,217,5,8,2,215,5,8,4,214,5,8,5,213,4,8,7,213,4,8,7,213,4,8,7,211,5,9,7,212,5,8,7,211,5,8,8,211,5,8,8
,325,BROWN,BROWN,325,BROOKLYN,41,197,3,0,0,197,3,0,0,195,5,0,0,194,6,0,0,190,9,0,1,189,10,0,1,188,10,0,2,187,10,0,3,187,10,0,3,185,10,0,5,185,9,0,6,184,9,0,7,183,9,0,8
,29,FARRAGUT,FARRAGUT,29,BROOKLYN,35,1378,10,2,0,1377,11,2,0,1380,8,2,0,1379,9,2,0,1377,11,2,0,1374,11,4,1,1374,10,4,2,1374,9,4,3,1372,8,4,6,1369,6,5,10,1368,4,5,13,1367,1,22,0,1361,0,22,7
,141,WEBSTER,INDEPENDENCE,140,BROOKLYN,33,594,9,2,1,593,10,2,1,593,10,2,1,594,10,2,0,596,8,2,0,596,8,2,0,596,8,2,0,596,7,2,1,596,7,2,1,595,7,2,2,593,7,2,4,594,6,2,4,591,6,2,7
y,351,PARK ROCK REHAB,PARK ROCK REHAB,351,BROOKLYN,36,133,0,1,0,133,0,1,0,132,0,1,1,132,0,2,0,132,0,2,0,132,0,2,0,131,0,2,1,131,0,2,1,129,0,2,3,128,0,2,4,128,0,2,4,126,0,2,6,126,0,2,6
,135,ROOSEVELT I,ROOSEVELT I,135,BROOKLYN,36,746,12,3,2,749,10,3,1,748,11,3,1,747,12,3,1,749,11,3,0,747,13,3,0,747,13,3,0,747,13,3,0,747,12,3,1,744,13,3,3,744,13,3,3,741,14,3,5,741,14,3,5
,252,GARVEY (GROUP A),GARVEY (GROUP A),252,BROOKLYN,41,312,8,1,0,310,10,1,0,311,9,1,0,308,12,1,0,307,13,1,0,307,13,1,0,307,13,1,0,307,13,1,0,309,11,1,0,306,11,1,3,305,11,1,4,304,11,1,5,304,11,1,5
,177,ROOSEVELT II,ROOSEVELT II,177,BROOKLYN,36,334,8,0,0,334,8,0,0,336,5,0,1,336,5,0,1,334,6,0,2,334,6,1,1,334,6,2,0,334,6,2,0,334,5,2,1,332,4,2,4,332,4,2,4,332,4,2,4,332,4,2,4
,240,"UNITY PLAZA (SITES 17,24,25A)","UNITY PLAZA (SITES 17,24,25A)",240,BROOKLYN,42,161,4,2,0,160,6,1,0,159,7,1,0,161,5,1,0,160,5,1,1,158,6,1,2,158,6,1,2,158,5,2,2,158,5,2,2,156,5,2,4,156,5,2,4,156,5,2,4,156,5,2,4
y,312,CROWN HEIGHTS,CROWN HEIGHTS,312,BROOKLYN,41,118,2,0,1,118,2,0,1,118,2,0,1,118,2,1,0,119,0,1,1,119,0,1,1,119,0,1,1,119,0,1,1,118,0,1,2,116,0,1,4,116,0,1,4,116,0,1,4,116,0,1,4
y,333,STUYVESANT GARDENS II,STUYVESANT GARDENS II,333,BROOKLYN,36,150,0,0,0,147,0,3,0,147,0,3,0,147,0,3,0,145,0,3,2,145,0,3,2,145,0,3,2,144,0,4,2,143,0,4,3,141,0,4,5,141,0,4,5,141,2,4,3,139,3,4,4
,25,GOWANUS,GOWANUS,25,BROOKLYN,33,1121,11,6,1,1119,13,6,1,1119,10,7,3,1118,8,11,2,1114,7,15,3,1115,6,16,2,1113,6,17,3,1113,4,18,4,1114,3,18,4,1114,3,21,1,1112,3,21,3,1109,3,21,6,1108,3,25,3
,169,LOW HOUSES,LOW HOUSES,169,BROOKLYN,41,523,10,2,1,522,11,2,1,521,13,2,0,521,13,2,0,520,12,2,2,520,12,2,2,520,11,2,3,520,11,2,3,520,12,2,2,521,11,2,2,520,11,2,3,520,11,2,3,522,9,2,3
,234,TAYLOR STREET-WYTHE AVENUE,TAYLOR STREET-WYTHE AVENUE,234,BROOKLYN,33,525,0,0,0,525,0,0,0,522,3,0,0,522,3,0,0,522,2,0,1,522,2,0,1,522,1,1,1,521,0,2,2,521,0,2,2,521,0,2,2,521,0,2,2,520,0,2,3,520,0,2,3
,239,CONEY ISLAND I (SITE 1B),CONEY ISLAND I (SITE 1B),239,BROOKLYN,47,192,0,1,0,191,1,1,0,190,2,1,0,189,3,1,0,189,3,1,0,189,3,1,0,189,3,1,0,188,3,1,1,188,3,1,1,188,3,1,1,188,3,1,1,187,3,1,2,186,3,1,3
y,352,RALPH AVENUE REHAB,RALPH AVENUE REHAB,352,BROOKLYN,41,115,0,1,2,115,0,3,0,114,1,3,0,113,2,3,0,113,2,3,0,113,2,3,0,113,2,3,0,112,2,3,1,112,2,3,1,110,2,3,3,110,2,3,3,110,2,3,3,110,2,3,3
y,354,TAPSCOTT STREET REHAB,TAPSCOTT STREET REHAB,354,BROOKLYN,41,152,1,1,1,152,1,1,1,152,1,1,1,153,0,1,1,153,0,2,0,151,1,2,1,150,1,2,2,150,1,2,2,150,1,2,2,150,1,2,2,149,1,2,3,149,1,2,3,149,1,2,3
,109,HYLAN,HYLAN,109,BROOKLYN,34,207,1,0,1,206,0,0,3,206,2,0,1,206,2,0,1,206,3,0,0,206,3,0,0,206,3,0,0,206,3,0,0,205,3,0,1,205,3,0,1,204,3,0,2,205,2,0,2,205,2,0,2
y,221,STUYVESANT GARDENS I,STUYVESANT GARDENS I,221,BROOKLYN,36,327,1,3,0,328,0,3,0,328,0,3,0,327,0,4,0,327,0,4,0,327,0,4,0,327,0,4,0,327,0,4,0,326,0,5,0,326,0,5,0,326,0,5,0,325,0,6,0,323,0,6,2
,238,CONEY ISLAND I (SITE 8),CONEY ISLAND I (SITE 8),238,BROOKLYN,47,103,8,14,0,102,8,15,0,101,8,15,1,102,8,15,0,102,8,14,1,102,9,14,0,101,9,14,1,102,8,14,1,101,8,15,1,100,8,16,1,101,7,16,1,99,7,17,2,99,7,17,2
y,313,OCEAN HILL-BROWNSVILLE,OCEAN HILL-BROWNSVILLE,313,BROOKLYN,41,120,3,1,1,119,3,3,0,118,4,3,0,118,4,3,0,116,5,3,1,116,5,3,1,118,3,3,1,117,3,3,2,118,2,3,2,117,2,3,3,117,2,4,2,117,2,4,2,117,2,4,2
y,339,HOWARD AVENUE,HOWARD AVENUE,339,BROOKLYN,41,145,0,3,2,145,0,3,2,145,0,3,2,145,0,5,0,145,0,5,0,145,0,5,0,144,0,5,1,144,0,5,1,144,0,5,1,144,0,5,1,143,0,5,2,143,0,5,2,143,0,5,2
y,365,HOWARD AVENUE-PARK PLACE,HOWARD AVENUE-PARK PLACE,365,BROOKLYN,41,151,1,3,1,151,1,3,1,151,1,3,1,151,1,4,0,151,0,5,0,149,0,5,2,149,0,5,2,149,0,5,2,149,0,5,2,149,0,5,2,149,0,5,2,149,0,5,2,149,0,5,2
,368,STERLING PLACE REHABS (STERLING-BUFFALO),STERLING PLACE REHABS (STERLING-BUFFALO),368,BROOKLYN,"36, 41",123,1,1,0,123,1,1,0,123,1,1,0,123,1,1,0,123,0,1,1,123,1,1,0,122,1,1,1,123,0,1,1,122,0,1,2,122,0,1,2,122,0,1,2,122,0,1,2,122,0,1,2
y,242,104-14 TAPSCOTT STREET,104-14 TAPSCOTT STREET,242,BROOKLYN,41,29,0,1,0,28,0,1,1,28,0,1,1,28,0,1,1,28,1,1,0,27,1,1,1,27,1,1,1,27,1,1,1,27,1,1,1,27,1,1,1,27,1,1,1,27,1,1,1,27,1,1,1
,263,EAST NEW YORK CITY LINE,EAST NEW YORK CITY LINE,263,BROOKLYN,42,65,1,0,0,65,1,0,0,64,2,0,0,64,2,0,0,64,2,0,0,64,2,0,0,64,2,0,0,64,2,0,0,64,2,0,0,63,2,0,1,63,2,0,1,63,2,0,1,63,2,0,1
y,311,BEDFORD-STUYVESANT REHAB,BEDFORD-STUYVESANT REHAB,311,BROOKLYN,36,81,3,1,0,81,3,1,0,81,3,1,0,81,3,1,0,81,3,1,0,81,3,1,0,81,3,1,0,81,3,1,0,81,3,1,0,81,3,1,0,81,3,1,0,81,3,1,0,81,2,1,1
,366,STERLING PLACE REHABS (SAINT JOHNS-STERLING),STERLING PLACE REHABS (SAINT JOHNS-STERLING),366,BROOKLYN,"36, 41",81,0,1,1,82,0,1,0,82,0,1,0,82,0,1,0,82,1,0,0,82,1,0,0,82,1,0,0,82,1,0,0,81,1,0,1,81,1,0,1,82,0,0,1,82,0,0,1,82,0,0,1
y,158,SARATOGA VILLAGE,SARATOGA VILLAGE,158,BROOKLYN,41,124,1,0,0,123,1,0,1,124,0,1,0,124,0,1,0,123,0,2,0,122,0,3,0,122,0,3,0,121,0,4,0,121,0,4,0,121,0,4,0,121,0,4,0,121,0,4,0,121,0,4,0
y,162,OCEAN HILL APARTMENTS,OCEAN HILL APARTMENTS,162,BROOKLYN,37,232,1,4,1,232,1,4,1,231,1,6,0,231,0,7,0,230,0,7,1,229,0,8,1,229,0,9,0,229,0,9,0,229,0,9,0,229,0,9,0,229,0,9,0,229,0,9,0,229,0,9,0
,163,WYCKOFF GARDENS,WYCKOFF GARDENS,163,BROOKLYN,33,519,9,1,0,520,6,1,2,521,5,1,2,521,4,2,2,522,3,2,2,520,3,2,4,520,3,4,2,518,3,5,3,518,3,5,3,518,2,8,1,517,2,10,0,516,0,12,1,516,0,13,0
y,205,FENIMORE-LEFFERTS,FENIMORE-LEFFERTS,205,BROOKLYN,"40, 41",35,0,1,0,35,0,1,0,35,0,1,0,35,0,1,0,35,0,1,0,35,0,1,0,35,0,1,0,35,0,1,0,35,0,1,0,35,0,1,0,35,0,1,0,35,0,1,0,35,0,1,0
,256,ATLANTIC TERMINAL SITE 4B,ATLANTIC TERMINAL SITE 4B,256,BROOKLYN,35,294,5,1,0,294,5,1,0,294,4,1,1,294,3,3,0,294,2,3,1,293,2,5,0,294,1,5,0,292,1,7,0,291,1,7,1,289,1,10,0,287,1,11,1,287,1,12,0,288,0,12,0
y,282,RUTLAND TOWERS,RUTLAND TOWERS,282,BROOKLYN,41,61,0,0,0,61,0,0,0,60,0,1,0,60,0,1,0,60,0,1,0,60,0,1,0,60,0,1,0,60,0,1,0,60,0,1,0,60,0,1,0,60,0,1,0,60,0,1,0,60,0,1,0
y,348,LENOX ROAD-ROCKAWAY PARKWAY,LENOX ROAD-ROCKAWAY PARKWAY,348,BROOKLYN,41,73,0,1,0,73,0,1,0,73,0,1,0,73,0,1,0,72,0,2,0,71,0,3,0,71,0,3,0,71,0,3,0,71,0,3,0,71,0,3,0,71,0,3,0,71,0,3,0,71,0,3,0
y,369,SUTTER AVENUE-UNION STREET,SUTTER AVENUE-UNION STREET,369,BROOKLYN,41,99,1,0,0,100,0,0,0,99,0,1,0,99,0,1,0,99,0,1,0,99,0,1,0,99,0,1,0,99,0,1,0,99,0,1,0,99,0,1,0,99,0,1,0,99,0,1,0,99,0,1,0
,74,WAGNER,WAGNER,74,MANHATTAN,8,2102,48,11,1,2106,44,11,1,2105,45,11,1,2100,50,11,1,2097,43,11,11,2092,46,12,12,2089,46,12,15,2084,40,12,26,2083,40,12,27,2082,38,12,30,2087,33,12,30,2088,30,12,32,2078,27,12,45
,60,BARUCH,BARUCH,60,MANHATTAN,2,2145,38,5,6,2144,38,6,6,2145,38,7,4,2143,39,7,5,2137,39,7,11,2135,40,7,12,2133,40,7,14,2128,41,7,18,2117,42,7,28,2118,36,7,33,2114,35,7,38,2116,33,8,37,2119,29,9,37
,27,SMITH,SMITH,27,MANHATTAN,1,1910,24,1,0,1908,26,1,0,1905,29,1,0,1904,30,1,0,1902,30,1,2,1899,29,1,6,1895,29,1,10,1891,28,1,15,1890,27,1,17,1890,23,1,21,1886,20,1,28,1885,18,1,31,1884,15,1,35
,62,WASHINGTON,WASHINGTON,62,MANHATTAN,8,1496,15,3,1,1495,16,3,1,1493,18,3,1,1488,23,3,1,1482,25,3,5,1478,26,3,8,1474,27,3,11,1468,26,4,17,1464,27,4,20,1457,27,4,27,1456,25,5,29,1458,22,5,30,1459,19,5,32
y,81,MANHATTANVILLE,MANHATTANVILLE,81,MANHATTAN,7,1234,16,1,21,1233,18,1,20,1232,22,1,17,1232,23,2,15,1226,19,2,25,1219,22,2,29,1217,21,2,32,1213,21,15,23,1211,21,15,25,1208,21,2,41,1201,21,2,48,1200,22,18,32,1199,21,20,32
,9,EAST RIVER,EAST RIVER,9,MANHATTAN,8,1108,43,18,1,1108,42,19,1,1106,44,19,1,1108,43,19,0,1105,43,19,3,1101,43,19,7,1101,42,19,8,1095,39,19,17,1092,37,19,22,1090,38,20,22,1091,38,20,21,1088,38,20,24,1084,37,19,30
,6,VLADECK,VLADECK,6,MANHATTAN,2,1489,33,9,0,1489,33,9,0,1486,36,9,0,1485,37,9,0,1486,34,9,2,1485,35,9,2,1481,34,9,7,1477,33,9,12,1476,30,9,16,1474,31,9,17,1473,30,9,19,1467,29,9,26,1471,23,9,28
,76,LA GUARDIA,LA GUARDIA,76,MANHATTAN,1,1081,8,3,2,1077,12,3,2,1077,12,3,2,1071,18,3,2,1067,22,3,2,1066,22,3,3,1063,21,3,7,1060,21,3,10,1060,21,3,10,1059,20,4,11,1055,19,4,16,1053,16,4,21,1054,11,4,25
,97,TAFT,TAFT,97,MANHATTAN,"08, 09",1434,29,7,0,1431,32,7,0,1434,29,7,0,1429,34,7,0,1427,32,7,4,1429,33,7,1,1423,33,9,5,1423,31,9,7,1424,30,9,7,1415,31,9,15,1413,19,24,14,1407,18,24,21,1404,17,24,25
,58,CARVER,CARVER,58,MANHATTAN,8,1238,7,1,0,1235,8,3,0,1235,10,1,0,1234,10,2,0,1229,10,3,4,1228,10,3,5,1227,9,2,8,1225,9,3,9,1222,10,2,12,1220,9,3,14,1219,9,3,15,1216,10,2,18,1213,8,2,23
,82,DOUGLASS I,DOUGLASS I,82,MANHATTAN,7,1275,26,2,2,1275,25,2,3,1271,29,2,3,1271,29,3,2,1268,30,3,4,1265,31,3,6,1264,28,3,10,1260,28,3,14,1259,28,3,15,1258,28,3,16,1255,26,3,21,1256,25,3,21,1255,25,3,22
,23,WALD,WALD,23,MANHATTAN,2,1833,21,7,0,1831,24,6,0,1829,26,5,1,1827,27,5,2,1826,22,8,5,1823,25,8,5,1817,25,7,12,1814,24,7,16,1813,23,7,18,1811,24,8,18,1811,22,8,20,1810,22,8,21,1812,19,9,21
,149,POLO GROUNDS TOWERS,POLO GROUNDS TOWERS,149,MANHATTAN,9,1593,16,4,1,1591,18,3,2,1588,21,4,1,1585,24,5,0,1583,25,5,1,1578,25,5,6,1577,25,5,7,1575,24,5,10,1574,24,5,11,1572,24,5,13,1568,24,5,17,1568,23,5,18,1566,22,5,21
,22,AMSTERDAM,AMSTERDAM,22,MANHATTAN,6,1068,12,2,2,1068,13,2,1,1065,15,2,2,1063,19,2,0,1065,13,2,4,1065,13,2,4,1061,13,2,8,1060,12,2,10,1059,13,2,10,1060,11,2,11,1057,11,2,14,1057,10,2,15,1054,11,2,17
y,37,RANGEL,RANGEL,37,MANHATTAN,9,965,17,2,0,964,18,2,0,965,17,2,0,960,21,2,1,961,20,2,1,958,21,2,3,956,21,3,4,954,20,3,7,952,20,3,9,949,22,3,10,946,22,3,13,945,21,3,15,944,21,3,16
,41,DYCKMAN,DYCKMAN,41,MANHATTAN,10,1151,15,1,0,1149,17,1,0,1149,17,1,0,1147,19,1,0,1150,13,1,3,1148,17,1,1,1146,18,1,2,1139,19,1,8,1135,20,1,11,1135,21,1,10,1134,20,1,12,1134,17,1,15,1134,16,1,16
,64,JEFFERSON,JEFFERSON,64,MANHATTAN,8,1453,24,11,5,1451,26,12,4,1452,25,12,4,1450,30,12,1,1450,27,11,5,1451,26,11,5,1450,26,11,6,1447,25,11,10,1445,25,12,11,1445,27,12,9,1443,26,12,12,1440,26,12,15,1440,25,12,16
,99,RUTGERS,RUTGERS,99,MANHATTAN,1,696,18,2,5,695,18,2,6,697,17,2,5,697,17,2,5,694,19,2,6,690,19,2,10,691,18,2,10,692,17,2,10,693,16,2,10,693,15,2,11,692,15,2,12,691,14,2,14,690,14,2,15
,139,ISAACS,ISAACS,139,MANHATTAN,5,627,5,4,0,627,5,3,1,626,6,4,0,626,6,4,0,627,4,4,1,628,4,4,0,625,5,4,2,623,5,4,4,621,5,5,5,621,4,5,6,620,3,4,9,618,3,4,11,616,3,2,15
,17,JOHNSON,JOHNSON,17,MANHATTAN,8,1272,18,20,0,1274,17,19,0,1276,14,20,0,1273,17,20,0,1270,20,20,0,1267,20,19,4,1271,16,17,6,1269,15,17,9,1267,16,17,10,1266,16,17,11,1267,15,17,11,1267,14,17,12,1266,14,16,14
,18,RIIS,RIIS,18,MANHATTAN,2,1179,6,3,3,1179,6,3,3,1175,9,3,4,1174,11,3,3,1174,11,3,3,1174,12,3,2,1171,12,3,5,1171,11,3,6,1169,11,3,8,1166,12,3,10,1166,12,3,10,1162,13,3,13,1161,13,3,14
,87,GRANT,GRANT,87,MANHATTAN,7,1915,10,14,1,1914,15,11,0,1913,16,11,0,1911,19,10,0,1903,21,10,6,1897,26,10,7,1891,26,19,4,1889,25,25,1,1885,24,29,2,1879,22,33,6,1878,22,33,7,1876,23,32,9,1873,21,32,14
y,124,WHITE,WHITE,124,MANHATTAN,8,235,8,4,1,235,9,3,1,237,6,3,2,233,8,7,0,231,5,9,3,230,8,8,2,230,7,8,3,229,7,8,4,227,7,8,6,225,7,8,8,224,6,8,10,221,6,8,13,221,6,8,13
,100,GOMPERS,GOMPERS,100,MANHATTAN,2,466,5,3,0,466,5,3,0,465,6,3,0,465,5,3,1,462,5,3,4,463,5,3,3,463,5,3,3,460,5,3,6,459,5,3,7,458,7,3,6,457,7,3,7,455,6,3,10,453,6,3,12
,198,BARUCH HOUSES ADDITION,BARUCH HOUSES ADDITION,198,MANHATTAN,2,190,6,1,0,190,5,1,1,190,6,1,0,189,7,1,0,187,8,1,1,185,9,1,2,185,9,1,2,186,8,1,2,185,8,1,3,185,7,1,4,183,7,1,6,180,6,1,10,178,6,1,12
,159,HOLMES TOWERS,HOLMES TOWERS,159,MANHATTAN,5,530,7,0,0,531,5,0,1,529,7,1,0,527,9,1,0,527,7,1,2,529,7,0,1,526,7,0,4,528,4,0,5,530,3,0,4,530,3,0,4,527,1,1,8,527,0,1,9,526,0,1,10
,155,DE HOSTOS APARTMENTS,DE HOSTOS APARTMENTS,155,MANHATTAN,6,217,2,4,0,216,2,4,1,214,5,4,0,214,5,4,0,211,6,4,2,211,6,4,2,209,6,4,4,208,6,5,4,208,6,5,4,206,6,5,6,206,6,5,6,205,6,5,7,203,6,5,9
y,343,UPACA (SITE 5),UPACA (SITE 5),343,MANHATTAN,9,170,10,20,0,170,9,20,1,170,10,20,0,169,11,20,0,170,9,20,1,170,9,20,1,166,5,28,1,164,5,28,3,164,5,28,3,162,5,28,5,162,5,28,5,161,6,27,6,159,5,27,9
,582,DOUGLASS II,DOUGLASS II,582,MANHATTAN,7,742,11,0,0,742,11,0,0,742,11,0,0,741,12,0,0,740,13,0,0,738,15,0,0,739,13,0,1,739,12,0,2,738,12,0,3,738,11,0,4,737,10,0,6,737,8,0,8,736,8,0,9
,30,KING TOWERS,KING TOWERS,30,MANHATTAN,9,1361,7,9,2,1361,7,10,1,1364,4,10,1,1363,8,8,0,1358,12,8,1,1358,12,8,1,1358,12,8,1,1356,12,8,3,1353,12,8,6,1353,12,14,0,1353,11,14,1,1351,10,14,4,1347,10,14,8
,19,RIIS II,RIIS II,19,MANHATTAN,2,570,5,3,0,570,5,3,0,570,5,3,0,569,6,3,0,567,8,3,0,566,8,3,1,565,8,3,2,565,8,3,2,563,8,3,4,561,8,3,6,560,8,3,7,560,8,3,7,558,8,5,7
,50,LEXINGTON,LEXINGTON,50,MANHATTAN,5,443,4,1,0,442,5,1,0,439,8,1,0,438,9,1,0,436,11,1,0,435,11,1,1,436,8,1,3,436,8,2,2,437,7,2,2,436,7,2,3,437,6,2,3,436,6,2,4,433,6,2,7
,123,CLINTON,CLINTON,123,MANHATTAN,8,738,4,6,1,737,6,6,0,738,5,6,0,737,6,6,0,736,4,5,4,737,5,5,2,736,5,5,3,736,5,5,3,736,5,5,3,736,5,5,3,734,5,5,5,733,4,5,7,734,3,5,7
y,181,METRO NORTH PLAZA,METRO NORTH PLAZA,181,MANHATTAN,8,264,7,4,0,264,7,4,0,264,7,4,0,264,7,4,0,265,5,4,1,263,5,4,3,262,5,4,4,262,5,4,4,261,5,4,5,260,5,4,6,259,5,4,7,259,5,4,7,259,5,4,7
y,199,CORSI HOUSES,CORSI HOUSES,199,MANHATTAN,8,165,6,0,0,166,5,0,0,165,6,0,0,164,6,0,1,162,6,0,3,162,6,0,3,161,7,0,3,160,7,0,4,160,7,0,4,160,7,0,4,158,6,0,7,158,6,0,7,158,6,0,7
,101,LEHMAN,LEHMAN VILLAGE,101,MANHATTAN,8,612,5,5,0,613,3,5,1,613,3,5,1,612,3,5,2,613,1,5,3,613,1,5,3,613,1,5,3,613,2,5,2,613,2,5,2,613,2,5,2,612,1,5,4,612,1,5,4,610,1,5,6
,153,STRAUS,STRAUS,153,MANHATTAN,2,262,2,1,2,260,5,1,1,260,7,0,0,260,7,0,0,260,5,0,2,259,6,0,2,258,5,0,4,257,6,0,4,257,6,0,4,257,6,0,4,257,5,0,5,257,4,0,6,257,4,0,6
,268,THOMAS APARTMENTS,THOMAS APARTMENTS,268,MANHATTAN,6,82,4,0,1,82,5,0,0,81,6,0,0,82,5,0,0,81,5,0,1,81,5,0,1,81,4,0,2,82,3,0,2,79,3,0,5,79,3,0,5,78,3,0,6,78,3,0,6,78,3,0,6
y,277,MORRIS PARK SENIOR CITIZENS HOME,MORRIS PARK SENIOR CITIZENS HOME,277,MANHATTAN,9,93,4,0,0,93,4,0,0,93,4,0,0,93,4,0,0,93,4,0,0,93,4,0,0,92,0,5,0,92,0,4,1,92,0,4,1,89,0,4,4,89,0,4,4,89,0,4,4,88,0,3,6
y,377,SAMUEL (CITY),SAMUEL (CITY),377,MANHATTAN,9,635,10,5,14,632,12,7,13,632,13,6,13,631,13,6,14,629,10,6,19,630,10,17,7,625,7,21,11,624,8,21,11,621,8,21,14,615,7,28,14,613,8,37,6,611,8,41,4,609,8,41,6
y,15,ELLIOTT,ELLIOTT,15,MANHATTAN,3,581,2,23,2,577,2,25,4,573,2,27,6,570,1,35,2,566,0,41,1,566,0,42,0,568,0,40,0,568,0,40,0,566,1,39,2,566,0,39,3,566,0,39,3,566,0,39,3,564,0,39,5
y,154,131 SAINT NICHOLAS AVENUE,131 SAINT NICHOLAS AVENUE,154,MANHATTAN,9,98,0,2,0,98,0,2,0,98,0,2,0,98,0,2,0,97,1,2,0,96,2,2,0,96,2,2,0,96,2,2,0,96,2,2,0,93,2,2,3,93,1,2,4,93,1,2,4,92,1,2,5
,174,WSUR (SITE C) 589 AMSTERDAM AVENUE,WSUR (SITE C) 589 AMSTERDAM AVENUE,174,MANHATTAN,6,154,3,1,0,154,3,1,0,154,3,1,0,154,4,0,0,153,4,0,1,151,5,0,2,151,4,0,3,150,4,0,4,150,4,0,4,150,4,0,4,150,3,0,5,150,3,0,5,150,3,0,5
,187,AMSTERDAM ADDITION,AMSTERDAM ADDITION,187,MANHATTAN,6,170,4,0,1,170,3,0,2,170,4,0,1,173,1,0,1,172,2,0,1,173,2,0,0,172,1,0,2,170,1,0,4,169,1,0,5,169,1,0,5,168,2,0,5,168,2,0,5,168,2,0,5
y,192,SEWARD PARK EXTENSION,SEWARD PARK EXTENSION,192,MANHATTAN,1,353,7,0,0,352,8,0,0,352,8,0,0,351,9,0,0,352,7,0,1,348,8,0,4,348,9,0,3,348,9,0,3,350,7,0,3,347,8,0,5,348,7,0,5,348,7,0,5,348,7,0,5
,218,ROBBINS PLAZA,ROBBINS PLAZA,218,MANHATTAN,5,149,1,0,0,148,2,0,0,147,3,0,0,147,3,0,0,147,3,0,0,147,3,0,0,148,2,0,0,149,1,0,0,149,0,0,1,149,0,0,1,147,0,0,3,147,0,0,3,145,0,0,5
y,241,ROBINSON,ROBINSON,241,MANHATTAN,9,185,2,2,0,184,3,2,0,184,3,2,0,184,3,2,0,184,2,2,1,184,2,2,1,182,1,4,2,182,0,4,3,182,1,4,2,180,1,4,4,180,0,4,5,180,0,4,5,180,0,4,5
,262,HARBORVIEW TERRACE,HARBORVIEW TERRACE,262,MANHATTAN,6,372,5,0,0,372,5,0,0,372,5,0,0,374,3,0,0,372,5,0,0,372,5,0,0,370,5,0,2,370,5,0,2,370,5,0,2,369,5,0,3,369,3,0,5,369,3,0,5,370,2,0,5
,326,LOWER EAST SIDE I INFILL,LOWER EAST SIDE I INFILL,326,MANHATTAN,1,188,1,0,0,187,2,0,0,187,2,0,0,186,3,0,0,186,3,0,0,185,3,0,1,183,3,0,3,183,3,0,3,183,3,0,3,183,3,0,3,181,3,0,5,181,3,0,5,181,3,0,5
,7,VLADECK II,VLADECK II,7,MANHATTAN,2,234,3,3,0,233,4,3,0,231,6,3,0,230,7,3,0,229,8,3,0,229,8,3,0,228,8,3,1,226,8,3,3,226,8,3,3,226,8,3,3,226,8,3,3,226,7,3,4,226,7,3,4
y,112,WILSON,WILSON,112,MANHATTAN,8,392,4,2,0,392,4,2,0,391,4,2,1,391,3,4,0,391,2,5,0,391,2,5,0,390,2,5,1,389,2,5,2,389,2,5,2,389,3,4,2,389,3,3,3,388,3,3,4,388,3,3,4
,152,LA GUARDIA ADDITION,LA GUARDIA ADDITION,152,MANHATTAN,1,142,6,1,1,142,7,1,0,141,7,1,1,141,7,1,1,143,5,1,1,142,7,1,0,142,7,1,0,142,7,1,0,140,8,1,1,138,8,1,3,138,8,1,3,138,7,1,4,138,7,1,4
,178,WSUR (BROWNSTONES),WSUR (BROWNSTONES),178,MANHATTAN,6,223,4,6,3,222,11,2,1,220,11,2,3,220,12,3,1,219,13,3,1,220,12,3,1,220,11,3,2,220,11,4,1,219,10,5,2,218,10,5,3,217,10,6,3,216,10,6,4,217,9,6,4
y,183,MELTZER TOWER,MELTZER TOWER,183,MANHATTAN,2,224,4,3,0,224,4,3,0,220,8,3,0,219,9,3,0,215,12,3,1,214,12,3,2,214,12,3,2,214,12,3,2,214,12,3,2,214,12,3,2,213,12,4,2,212,12,4,3,213,10,4,4
y,184,HERNANDEZ,HERNANDEZ,184,MANHATTAN,1,144,3,2,0,144,3,2,0,144,3,2,0,144,3,1,1,144,3,1,1,143,3,2,1,143,3,2,1,142,3,2,2,143,3,1,2,142,3,1,3,142,3,1,3,142,3,1,3,141,3,1,4
,265,45 ALLEN STREET,45 ALLEN STREET,265,MANHATTAN,1,105,1,1,0,105,1,1,0,104,2,1,0,103,3,1,0,103,3,1,0,103,3,1,0,104,2,1,0,103,2,1,1,102,2,1,2,102,2,1,2,102,2,1,2,100,2,1,4,100,2,1,4
,266,TWO BRIDGES URA (SITE 7),TWO BRIDGES URA (SITE 7),266,MANHATTAN,1,248,2,0,0,248,2,0,0,248,2,0,0,248,2,0,0,248,2,0,0,248,2,0,0,249,1,0,0,249,1,0,0,249,1,0,0,248,1,0,1,247,1,0,2,246,1,0,3,245,1,0,4
y,355,UPACA (SITE 6),UPACA (SITE 6),355,MANHATTAN,9,144,6,0,0,145,5,0,0,145,5,0,0,146,4,0,0,147,2,0,1,146,3,0,1,145,1,3,1,145,0,3,2,145,0,3,2,145,0,3,2,145,0,3,2,144,0,3,3,143,0,3,4
,111,DREW-HAMILTON,DREW-HAMILTON,111,MANHATTAN,9,1164,30,9,14,1163,31,9,14,1163,27,9,18,1165,25,9,18,1167,16,8,26,1165,18,8,26,1164,21,8,24,1160,19,10,28,1155,17,14,31,1153,17,44,3,1153,17,44,3,1151,16,47,3,1151,16,47,3
y,134,CHELSEA,CHELSEA,134,MANHATTAN,3,415,1,8,1,414,1,9,1,411,1,9,4,409,1,14,1,408,1,15,1,407,1,16,1,407,1,16,1,406,1,17,1,404,1,18,2,404,1,18,2,402,1,19,3,402,1,19,3,402,1,19,3
y,136,FULTON,FULTON,136,MANHATTAN,3,932,4,8,0,933,2,9,0,932,2,10,0,931,2,11,0,931,1,10,2,929,2,11,2,926,2,13,3,924,1,16,3,922,1,20,1,922,1,20,1,919,1,22,2,916,0,27,1,914,0,27,3
,148,DOUGLASS ADDITION,DOUGLASS ADDITION,148,MANHATTAN,7,130,5,0,0,130,5,0,0,130,5,0,0,129,6,0,0,128,7,0,0,128,7,0,0,129,6,0,0,129,6,0,0,129,6,0,0,127,6,0,2,126,6,0,3,126,6,0,3,126,6,0,3
,150,830 AMSTERDAM AVENUE,830 AMSTERDAM AVENUE,150,MANHATTAN,7,155,4,0,0,155,4,0,0,155,4,0,0,155,4,0,0,155,4,0,0,154,4,0,1,154,4,0,1,153,4,0,2,153,4,0,2,153,4,0,2,154,3,0,2,153,3,0,3,153,3,0,3
,173,WSUR (SITE B) 74 WEST 92ND STREET,WSUR (SITE B) 74 WEST 92ND STREET,173,MANHATTAN,6,164,3,1,0,164,3,1,0,164,3,1,0,163,4,1,0,163,3,1,1,163,3,1,1,163,3,1,1,163,3,1,1,164,2,1,1,164,2,1,1,162,2,1,3,162,2,1,3,162,2,1,3
,20,LINCOLN,LINCOLN,20,MANHATTAN,9,1259,16,8,3,1254,21,9,2,1255,20,9,2,1250,24,9,3,1248,22,9,7,1246,22,9,9,1246,20,19,1,1245,20,20,1,1244,20,21,1,1237,19,26,4,1237,18,29,2,1235,18,31,2,1239,14,31,2
,38,SAINT NICHOLAS,SAINT NICHOLAS,38,MANHATTAN,9,1486,17,21,2,1477,15,33,1,1476,15,35,0,1473,15,37,1,1469,16,39,2,1468,15,40,3,1466,15,42,3,1465,15,43,3,1464,15,44,3,1464,15,44,3,1462,15,47,2,1463,14,47,2,1462,14,48,2
,264,BRACETTI PLAZA,BRACETTI PLAZA,264,MANHATTAN,2,106,2,0,0,106,2,0,0,106,1,0,1,106,1,1,0,106,1,1,0,105,1,1,1,105,1,1,1,105,1,1,1,105,1,1,1,105,1,1,1,104,1,1,2,105,0,1,2,105,0,1,2
,292,LOWER EAST SIDE REHAB (GROUP 5),LOWER EAST SIDE REHAB (GROUP 5),292,MANHATTAN,2,53,0,2,0,53,0,2,0,53,0,2,0,52,1,2,0,52,1,2,0,52,1,2,0,51,1,2,1,51,1,2,1,51,1,2,1,51,1,2,1,51,1,2,1,50,1,2,2,50,1,2,2
,1,FIRST HOUSES,FIRST HOUSES,1,MANHATTAN,2,124,1,1,0,124,2,0,0,124,2,0,0,123,3,0,0,123,2,1,0,122,2,1,1,122,2,1,1,122,2,2,0,121,2,2,1,121,2,2,1,121,2,2,1,121,2,2,1,121,2,2,1
,151,WSUR (SITE A) 120 WEST 94TH STREET,WSUR (SITE A) 120 WEST 94TH STREET,151,MANHATTAN,6,68,1,1,0,68,1,1,0,68,1,1,0,68,1,1,0,68,1,1,0,68,1,1,0,68,1,1,0,68,1,1,0,67,1,1,1,68,0,1,1,68,0,1,1,68,0,1,1,68,0,1,1
y,176,CHELSEA ADDITION,CHELSEA ADDITION,176,MANHATTAN,3,91,0,5,0,92,0,4,0,91,0,4,1,91,0,5,0,91,0,5,0,91,0,5,0,90,0,6,0,90,0,6,0,90,0,6,0,90,0,6,0,89,0,6,1,88,0,7,1,88,1,6,1
y,286,CAMPOS PLAZA II,CAMPOS PLAZA II,286,MANHATTAN,2,223,1,0,0,223,1,0,0,224,0,0,0,222,2,0,0,220,4,0,0,219,4,0,1,219,3,1,1,219,3,1,1,219,3,1,1,219,3,1,1,220,2,1,1,219,1,3,1,219,1,3,1
y,516,REHAB PROGRAM (TAFT REHABS),REHAB PROGRAM (TAFT REHABS),516,MANHATTAN,9,150,4,0,2,153,1,2,0,154,0,2,0,154,0,2,0,154,0,2,0,154,0,2,0,154,0,2,0,153,0,2,1,153,0,2,1,153,1,2,0,153,0,2,1,153,0,2,1,153,0,2,1
y,125,AUDUBON,AUDUBON,125,MANHATTAN,7,163,0,5,0,163,0,5,0,163,0,5,0,163,0,5,0,163,0,5,0,163,0,5,0,163,0,5,0,161,0,5,2,160,0,8,0,160,0,8,0,160,0,8,0,160,0,8,0,158,0,10,0
y,160,BETHUNE GARDENS,BETHUNE GARDENS,160,MANHATTAN,7,198,0,11,1,198,0,12,0,197,0,13,0,197,0,13,0,197,0,13,0,197,0,13,0,197,0,13,0,197,0,13,0,196,0,14,0,196,0,14,0,193,0,14,3,191,0,19,0,191,0,19,0
,310,LAVANBURG HOMES,LAVANBURG HOMES,310,MANHATTAN,2,0,0,0,0,0,0,0,0,0,0,0,0,0,0,0,0,0,0,0,0,0,0,0,0,0,0,0,0,0,0,0,0,0,0,0,0,0,0,0,0,0,0,0,0,0,0,0,0,0,0,0,0
,337,LOWER EAST SIDE II,LOWER EAST SIDE II,337,MANHATTAN,2,188,0,0,0,188,0,0,0,188,0,0,0,188,0,0,0,188,0,0,0,188,0,0,0,188,0,0,0,188,0,0,0,188,0,0,0,188,0,0,0,188,0,0,0,188,0,0,0,188,0,0,0
y,344,MARSHALL PLAZA,MARSHALL PLAZA,344,MANHATTAN,7,156,0,24,0,156,0,24,0,156,0,24,0,154,0,26,0,154,0,26,0,154,0,26,0,153,0,27,0,153,0,27,0,153,0,27,0,153,0,27,0,153,0,27,0,150,0,30,0,148,0,32,0
,359,154 WEST 84TH STREET,154 WEST 84TH STREET,359,MANHATTAN,6,35,0,0,0,35,0,0,0,35,0,0,0,35,0,0,0,35,0,0,0,35,0,0,0,35,0,0,0,35,0,0,0,35,0,0,0,34,1,0,0,34,1,0,0,34,1,0,0,35,0,0,0
,364,LOWER EAST SIDE III,LOWER EAST SIDE III,364,MANHATTAN,2,56,0,0,0,56,0,0,0,56,0,0,0,56,0,0,0,56,0,0,0,56,0,0,0,56,0,0,0,56,0,0,0,56,0,0,0,56,0,0,0,56,0,0,0,56,0,0,0,56,0,0,0
,515,REHAB PROGRAM (DOUGLASS REHABS),REHAB PROGRAM (DOUGLASS REHABS),515,MANHATTAN,6,109,0,3,0,109,0,3,0,108,1,3,0,108,1,3,0,109,0,3,0,109,0,3,0,109,0,3,0,109,0,3,0,109,0,3,0,109,0,3,0,109,0,3,0,109,0,3,0,109,0,3,0
,517,REHAB PROGRAM (WISE REHAB),REHAB PROGRAM (WISE REHAB),517,MANHATTAN,6,40,0,0,0,40,0,0,0,40,0,0,0,40,0,0,0,40,0,0,0,40,0,0,0,40,0,0,0,40,0,0,0,40,0,0,0,40,0,0,0,40,0,0,0,40,0,0,0,40,0,0,0
,559,STANTON STREET,STANTON STREET,559,MANHATTAN,1,13,0,0,0,13,0,0,0,13,0,0,0,13,0,0,0,13,0,0,0,13,0,0,0,13,0,0,0,13,0,0,0,13,0,0,0,13,0,0,0,13,0,0,0,13,0,0,0,13,0,0,0
,48,RAVENSWOOD,RAVENSWOOD,48,QUEENS,26,2133,29,3,1,2134,27,3,2,2134,28,3,1,2129,34,3,0,2122,35,3,6,2117,35,3,11,2112,35,3,16,2109,35,3,19,2104,33,3,26,2102,29,3,32,2100,26,3,37,2102,19,3,42,2098,15,3,50
,5,QUEENSBRIDGE SOUTH,QUEENSBRIDGE SOUTH,5,QUEENS,26,1534,50,20,0,1535,48,20,1,1535,48,21,0,1533,50,21,0,1527,48,21,8,1530,47,21,6,1534,38,21,11,1536,33,21,14,1533,25,21,25,1535,18,21,30,1531,15,22,36,1527,12,22,43,1525,10,22,47
,53,POMONOK,POMONOK,53,QUEENS,24,2048,19,3,1,2042,25,3,1,2042,26,2,1,2038,30,2,1,2032,31,6,2,2029,30,8,4,2025,22,10,14,2020,21,10,20,2017,18,12,24,2013,17,14,27,2013,12,14,32,2013,9,14,35,2009,5,14,43
,505,QUEENSBRIDGE NORTH,QUEENSBRIDGE NORTH,505,QUEENS,26,1488,36,15,4,1489,36,15,3,1485,39,15,4,1485,39,15,4,1478,43,15,7,1472,46,17,8,1468,46,17,12,1472,42,18,11,1475,36,18,14,1472,36,18,17,1475,29,19,20,1478,20,19,26,1479,16,19,29
,26,ASTORIA,ASTORIA,26,QUEENS,22,1088,9,5,2,1088,9,5,2,1087,10,5,2,1086,11,5,2,1085,11,5,3,1084,11,5,4,1082,9,5,8,1079,9,5,11,1079,8,5,12,1077,8,5,14,1074,8,5,17,1071,8,5,20,1068,8,5,23
,33,WOODSIDE,WOODSIDE,33,QUEENS,26,1337,16,3,1,1335,17,3,2,1333,19,4,1,1331,22,4,0,1331,22,4,0,1330,22,4,1,1326,20,4,7,1325,20,4,8,1322,20,4,11,1319,18,4,16,1321,15,4,17,1319,13,4,21,1320,10,4,23
,55,REDFERN,REDFERN,55,QUEENS,31,588,6,4,6,588,6,4,6,588,6,4,6,588,8,4,4,585,10,4,5,585,10,4,5,585,11,4,4,585,10,4,5,583,9,4,8,581,9,4,10,577,9,4,14,575,9,4,16,574,8,4,18
,8,SOUTH JAMAICA I,SOUTH JAMAICA I,8,QUEENS,28,425,17,6,0,423,19,6,0,422,20,6,0,424,18,6,0,425,16,6,1,420,20,6,2,421,18,6,3,419,17,6,6,417,17,6,8,414,17,6,11,413,16,6,13,413,16,6,13,412,14,6,16
,75,HAMMEL,HAMMEL,75,QUEENS,31,686,16,8,2,686,16,8,2,685,17,8,2,685,19,8,0,685,17,8,2,684,17,8,3,681,17,8,6,679,17,8,8,678,17,8,9,676,17,8,11,674,17,8,13,675,16,8,13,674,15,8,15
,165,BEACH 41ST STREET,BEACH 41ST STREET-BEACH CHANNEL DRIVE,165,QUEENS,31,693,15,3,1,694,15,2,1,693,17,2,0,692,18,2,0,691,17,2,2,691,18,2,1,691,18,2,1,692,17,2,1,693,15,2,2,689,12,2,9,688,11,2,11,685,11,2,14,685,12,2,13
,66,SOUTH JAMAICA II,SOUTH JAMAICA II,66,QUEENS,28,584,12,3,1,583,13,3,1,584,13,3,0,584,13,3,0,584,12,3,1,583,12,3,2,582,12,3,3,581,13,3,3,580,11,3,6,579,11,3,7,578,11,3,8,577,10,3,10,576,11,3,10
,232,CONLON LIHFE TOWERS,CONLON LIHFE TOWER,232,QUEENS,27,211,3,2,0,211,3,2,0,211,3,2,0,209,4,2,1,209,4,2,1,207,4,3,2,207,4,3,2,208,3,3,2,207,3,3,3,206,3,3,4,200,3,3,10,200,3,3,10,200,3,3,10
,91,BAISLEY PARK,BAISLEY PARK,91,QUEENS,28,374,6,6,0,373,7,6,0,373,7,6,0,369,9,6,2,369,9,7,1,369,9,7,1,370,8,7,1,371,7,7,1,370,7,7,2,369,7,7,3,369,5,7,5,367,3,7,9,366,4,7,9
,186,LATIMER GARDENS,LATIMER GARDENS,186,QUEENS,20,416,7,0,0,413,10,0,0,411,12,0,0,411,12,0,0,411,11,0,1,411,11,0,1,411,10,0,2,411,10,0,2,412,10,0,1,410,9,0,4,408,9,0,6,407,9,0,7,407,9,0,7
,51,OCEAN BAY APARTMENTS (OCEANSIDE),OCEAN BAY APARTMENTS (OCEANSIDE),51,QUEENS,31,408,9,1,0,407,10,1,0,406,11,1,0,405,12,1,0,405,12,1,0,405,12,1,0,405,12,1,0,405,12,1,0,405,12,1,0,405,12,1,0,404,12,1,1,402,11,1,4,402,9,1,6
,316,INTERNATIONAL TOWER,INTERNATIONAL TOWER,316,QUEENS,27,144,2,13,0,142,3,13,1,141,4,13,1,141,4,13,1,141,4,13,1,141,4,13,1,141,4,13,1,140,4,13,2,138,6,13,2,138,6,13,2,137,4,13,5,138,3,13,5,139,2,13,5
,164,CARLETON MANOR,CARLETON MANOR,164,QUEENS,31,167,2,5,0,167,2,5,0,167,2,5,0,167,2,5,0,166,3,5,0,166,3,5,0,166,3,5,0,166,3,5,0,166,3,5,0,165,3,5,1,165,3,5,1,164,3,5,2,164,3,5,2
,201,LEAVITT STREET-34TH AVENUE,LEAVITT STREET-34TH AVENUE,201,QUEENS,20,82,1,0,0,82,1,0,0,82,1,0,0,82,1,0,0,81,2,0,0,80,3,0,0,79,3,0,1,79,3,0,1,79,3,0,1,79,3,0,1,79,3,0,1,79,3,0,1,78,3,0,2
,54,BLAND,BLAND,54,QUEENS,20,392,5,3,0,391,6,3,0,390,7,3,0,390,7,3,0,390,6,3,1,389,7,3,1,390,6,3,1,390,6,3,1,390,6,3,1,390,6,3,1,390,6,3,1,390,6,3,1,390,6,3,1
,279,SHELTON HOUSE,SHELTON HOUSE,279,QUEENS,24,147,4,2,2,147,5,3,0,147,5,3,0,146,5,3,1,145,6,3,1,143,7,4,1,142,6,6,1,142,6,6,1,142,6,6,1,142,6,6,1,142,6,6,1,142,6,6,1,142,6,6,1
,143,REHAB PROGRAM (COLLEGE POINT),REHAB PROGRAM (COLLEGE POINT),143,QUEENS,19,13,0,0,0,12,1,0,0,12,1,0,0,12,1,0,0,12,1,0,0,12,1,0,0,12,1,0,0,12,1,0,0,12,1,0,0,12,1,0,0,12,1,0,0,12,1,0,0,12,1,0,0
,114,STAPLETON,STAPLETON,114,STATEN ISLAND,49,630,24,0,39,632,25,0,36,632,23,0,38,632,21,0,40,634,21,0,38,634,20,0,39,634,19,0,40,633,18,0,42,628,18,0,47,619,18,0,56,617,16,0,60,616,16,0,61,613,15,0,65
,206,CASSIDY-LAFAYETTE,CASSIDY-LAFAYETTE,206,STATEN ISLAND,49,371,3,5,1,369,3,5,3,368,5,5,2,368,6,5,1,364,6,6,4,361,5,6,8,360,5,8,7,358,5,8,9,359,4,8,9,356,5,8,11,355,4,8,13,355,4,8,13,357,1,7,15
,35,SOUTH BEACH,SOUTH BEACH,35,STATEN ISLAND,50,412,8,1,1,408,12,1,1,410,11,1,0,410,11,1,0,408,10,1,3,407,9,5,1,408,5,5,4,408,4,5,5,407,5,4,6,406,5,4,7,405,5,2,10,406,4,2,10,405,3,2,12
,77,MARINER'S HARBOR,MARINER'S HARBOR,77,STATEN ISLAND,49,590,13,2,2,589,15,2,1,588,15,2,2,585,18,2,2,584,16,2,5,583,16,3,5,581,14,3,9,581,13,3,10,581,12,3,11,581,12,3,11,580,12,3,12,580,12,3,12,580,12,3,12
y,116,WEST BRIGHTON I,WEST BRIGHTON I,116,STATEN ISLAND,49,478,9,1,2,478,9,1,2,479,9,1,1,473,11,1,5,473,11,1,5,470,11,5,4,469,11,5,5,469,10,5,6,469,10,5,6,468,12,4,6,467,12,4,7,467,11,4,8,467,11,4,8
y,175,WEST BRIGHTON II,WEST BRIGHTON II,175,STATEN ISLAND,49,79,5,60,0,81,3,60,0,80,3,60,1,80,3,60,1,78,3,60,3,76,2,61,5,76,0,63,5,76,0,63,5,76,0,63,5,74,0,63,7,74,0,63,7,74,0,63,7,74,0,63,7
,52,BERRY,BERRY,52,STATEN ISLAND,50,490,16,0,0,486,20,0,0,481,25,0,0,481,25,0,0,478,19,8,1,476,20,8,2,475,20,10,1,475,21,9,1,473,21,8,4,473,21,8,4,471,21,11,3,470,20,11,5,471,21,10,4
,117,RICHMOND TERRACE,RICHMOND TERRACE,117,STATEN ISLAND,49,431,9,48,1,432,9,47,1,430,12,47,0,429,13,47,0,428,14,47,0,427,14,47,1,426,13,48,2,426,12,49,2,428,11,48,2,427,11,48,3,426,11,48,4,426,12,47,4,428,10,47,4
,314,NEW LANE AREA,NEW LANE AREA,314,STATEN ISLAND,49,271,4,1,1,267,2,1,7,266,2,1,8,265,10,1,1,263,10,1,3,261,10,1,5,262,9,1,5,262,7,1,7,262,4,1,10,262,4,11,0,262,1,11,3,262,1,11,3,260,3,11,3
,42,TODT HILL,TODT HILL,42,STATEN ISLAND,49,490,3,9,0,490,3,9,0,488,2,11,1,487,2,12,1,485,3,14,0,484,3,15,0,481,3,18,0,481,2,19,0,479,3,20,0,478,1,19,4,477,2,21,2,475,1,24,2,474,1,25,2
,209,FHA REPOSSESSED HOUSES (GROUP I),FHA REPOSSESSED HOUSES (GROUP I),209,,,16,0,10,0,16,0,10,0,16,0,10,0,16,0,10,0,16,0,7,0,16,0,7,0,16,0,7,0,16,0,7,0,16,0,7,0,16,0,7,0,16,0,7,0,16,0,7,0,16,0,7,0
,212,FHA REPOSSESSED HOUSES (GROUP II),FHA REPOSSESSED HOUSES (GROUP II),212,,,9,0,3,0,9,0,3,0,9,0,3,0,9,0,3,0,9,0,2,0,8,0,2,1,8,0,3,0,8,0,3,0,8,0,3,0,8,0,3,0,8,0,3,0,8,0,3,0,8,0,3,0
,213,FHA REPOSSESSED HOUSES (GROUP III),FHA REPOSSESSED HOUSES (GROUP III),213,,,10,0,1,0,10,0,1,0,10,0,1,0,10,0,1,0,10,0,1,0,10,0,1,0,10,0,1,0,10,0,1,0,10,0,1,0,10,0,1,0,10,0,1,0,10,0,1,0,10,0,1,0
,226,FHA REPOSSESSED HOUSES (GROUP IV),FHA REPOSSESSED HOUSES (GROUP IV),226,,,9,0,2,0,9,0,2,0,9,0,2,0,9,0,2,0,9,0,0,0,9,0,0,0,9,0,0,0,9,0,0,0,9,0,0,0,9,0,0,0,9,0,0,0,9,0,0,0,9,0,0,0
,260,FHA REPOSSESSED HOUSES (GROUP V),FHA REPOSSESSED HOUSES (GROUP V),260,,,29,0,5,0,29,0,5,0,28,0,6,0,28,0,6,0,28,0,4,0,28,0,4,0,27,0,5,0,27,0,5,0,27,0,5,0,27,0,5,0,27,0,5,0,27,0,5,0,27,0,5,0
,273,FHA REPOSSESSED HOUSES (GROUP VI),FHA REPOSSESSED HOUSES (GROUP VI),273,,,4,0,3,0,4,0,3,0,4,0,3,0,4,0,3,0,4,0,3,0,4,0,3,0,4,0,3,0,4,0,3,0,4,0,3,0,4,0,3,0,4,0,3,0,4,0,3,0,4,0,3,0
,274,FHA REPOSSESSED HOUSES (GROUP VII),FHA REPOSSESSED HOUSES (GROUP VII),274,,,5,0,2,0,5,0,2,0,5,0,2,0,5,0,2,0,4,0,1,0,4,0,1,0,4,0,1,0,4,0,1,0,4,0,1,0,4,0,1,0,4,0,1,0,4,0,1,0,4,0,1,0
,275,FHA REPOSSESSED HOUSES (GROUP VIII),FHA REPOSSESSED HOUSES (GROUP VIII),275,,,3,0,6,0,3,0,6,0,3,0,6,0,3,0,6,0,3,0,4,0,3,0,4,0,3,0,4,0,3,0,4,0,3,0,4,0,3,0,4,0,3,0,4,0,3,0,4,0,3,0,4,0
,283,FHA REPOSSESSED HOUSES (GROUP IX),FHA REPOSSESSED HOUSES (GROUP IX),283,,,16,0,11,0,15,0,12,0,15,0,12,0,15,0,12,0,15,0,12,0,15,0,12,0,15,0,12,0,15,0,12,0,15,0,12,0,15,0,12,0,15,0,12,0,15,0,12,0,15,0,12,0
,284,FHA REPOSSESSED HOUSES (GROUP X),FHA REPOSSESSED HOUSES (GROUP X),284,,,14,0,4,0,14,0,4,0,14,0,4,0,14,0,4,0,14,0,3,0,14,0,3,0,14,0,3,0,14,0,3,0,14,0,3,0,14,0,3,0,14,0,3,0,14,0,3,0,14,0,3,0